CARRIER,TOT_MISHANDLED_BAG,TOT_BAG,MISHANDLE_RATE
Alaska,342767,123016377,0.00279
Allegiant,17132,10311741,0.00166
American,2214410,518784157,0.00427
Delta,1118572,491899504,0.00227
Frontier,173509,66964064,0.00259
Hawaiian,98890,39046747,0.00253
JetBlue,221484,115666626,0.00191
Southwest,1698725,638887613,0.00266
Spirit,177363,87692025,0.00202
United,1167466,362773220,0.00322
